{"id":"aa9b4b2c533fe7f4","definitionId":"787d88475a179b36","name":"Child Workflow","createdAt":"2024-01-07T19:11:09.306738+00:00","version":5,"toolVersion":"3.0.0.0","variables":[],"inputs":[{"uiHint":"single-line","storageDriverType":"Elsa.Workflows.Services.WorkflowStorageDriver, Elsa.Workflows.Core","type":"String","name":"Message","displayName":"Message","category":"Primitives","isArray":false}],"outputs":[],"outcomes":[],"customProperties":{"Elsa:WorkflowContextProviderTypes":[]},"isReadonly":false,"isLatest":true,"isPublished":true,"options":{"autoUpdateConsumingWorkflows":false},"root":{"type":"Elsa.Flowchart","version":1,"id":"477edcca49777c8f","nodeId":"Workflow1:477edcca49777c8f","metadata":{},"customProperties":{"source":"FlowchartJsonConverter.cs:45","notFoundConnections":[],"canStartWorkflow":false,"runAsynchronously":false},"activities":[{"text":{"typeName":"String","expression":{"type":"JavaScript","value":"getMessage()"}},"id":"bc9e6ebb7c7b3f74","nodeId":"Workflow1:477edcca49777c8f:bc9e6ebb7c7b3f74","name":"WriteLine1","type":"Elsa.WriteLine","version":1,"customProperties":{"canStartWorkflow":false,"runAsynchronously":false},"metadata":{"designer":{"position":{"x":-400,"y":244},"size":{"width":139.296875,"height":50}}}}],"connections":[]}}