{"id":"12d45e3eff312362","definitionId":"787d88475a179b36","name":"Child Workflow","createdAt":"2024-01-07T19:24:30.547085+00:00","version":6,"toolVersion":"3.0.0.0","variables":[],"inputs":[{"uiHint":"single-line","storageDriverType":"Elsa.Workflows.Services.WorkflowStorageDriver, Elsa.Workflows.Core","type":"String","name":"Message","displayName":"Message","category":"Primitives","isArray":false}],"outputs":[{"type":"String","name":"Response","displayName":"Response","category":"Primitives","isArray":false}],"outcomes":[],"customProperties":{"Elsa:WorkflowContextProviderTypes":[]},"isReadonly":false,"isLatest":true,"isPublished":true,"options":{"autoUpdateConsumingWorkflows":false},"root":{"type":"Elsa.Flowchart","version":1,"id":"477edcca49777c8f","nodeId":"Workflow1:477edcca49777c8f","metadata":{},"customProperties":{"source":"FlowchartJsonConverter.cs:45","notFoundConnections":[],"canStartWorkflow":false,"runAsynchronously":false},"activities":[{"text":{"typeName":"String","expression":{"type":"JavaScript","value":"getMessage()"}},"id":"bc9e6ebb7c7b3f74","nodeId":"Workflow1:477edcca49777c8f:bc9e6ebb7c7b3f74","name":"WriteLine1","type":"Elsa.WriteLine","version":1,"customProperties":{"canStartWorkflow":false,"runAsynchronously":false},"metadata":{"designer":{"position":{"x":-400,"y":244},"size":{"width":139.296875,"height":50}}}},{"outputName":{"typeName":"String","expression":{"type":"Literal","value":"Response"}},"outputValue":{"typeName":"Object","expression":{"type":"Literal","value":"Hello from Child"}},"id":"6cd8fa8bc1537954","nodeId":"Workflow1:477edcca49777c8f:6cd8fa8bc1537954","name":"SetOutput1","type":"Elsa.SetOutput","version":1,"customProperties":{"canStartWorkflow":false,"runAsynchronously":false},"metadata":{"designer":{"position":{"x":-140,"y":244},"size":{"width":107.734375,"height":50}}}}],"connections":[{"source":{"activity":"bc9e6ebb7c7b3f74","port":"Done"},"target":{"activity":"6cd8fa8bc1537954","port":"In"}}]}}