{"id":"48f3ccdbc8e7a9c7","definitionId":"787d88475a179b36","name":"Child Workflow","createdAt":"2024-01-07T18:50:05.748516+00:00","version":4,"toolVersion":"3.0.0.0","variables":[],"inputs":[],"outputs":[],"outcomes":[],"customProperties":{"Elsa:WorkflowContextProviderTypes":[]},"isReadonly":false,"isLatest":true,"isPublished":true,"options":{"autoUpdateConsumingWorkflows":false},"root":{"type":"Elsa.Flowchart","version":1,"id":"477edcca49777c8f","nodeId":"Workflow1:477edcca49777c8f","metadata":{},"customProperties":{"source":"FlowchartJsonConverter.cs:45","notFoundConnections":[],"canStartWorkflow":false,"runAsynchronously":false},"activities":[{"text":{"typeName":"String","expression":{"type":"Literal","value":"Hello from Child"}},"id":"bc9e6ebb7c7b3f74","nodeId":"Workflow1:477edcca49777c8f:bc9e6ebb7c7b3f74","name":"WriteLine1","type":"Elsa.WriteLine","version":1,"customProperties":{"canStartWorkflow":false,"runAsynchronously":false},"metadata":{"designer":{"position":{"x":-400,"y":244},"size":{"width":139.296875,"height":50}}}}],"connections":[]}}