{"id":"15100d86093311e8","definitionId":"598658400a8d5c9","name":"Parent Workflow","createdAt":"2024-01-07T19:00:23.547507+00:00","version":3,"toolVersion":"3.0.0.0","variables":[{"id":"f604f00f3bf75d22","name":"SubWorkflowOutput","typeName":"ObjectDictionary","isArray":false,"storageDriverTypeName":"Elsa.Workflows.Services.WorkflowStorageDriver, Elsa.Workflows.Core"}],"inputs":[],"outputs":[],"outcomes":[],"customProperties":{"Elsa:WorkflowContextProviderTypes":[]},"isReadonly":false,"isLatest":true,"isPublished":true,"options":{"autoUpdateConsumingWorkflows":false},"root":{"type":"Elsa.Flowchart","version":1,"id":"fb91b38763d72582","nodeId":"Workflow1:fb91b38763d72582","metadata":{},"customProperties":{"source":"FlowchartJsonConverter.cs:45","notFoundConnections":[],"canStartWorkflow":false,"runAsynchronously":false},"activities":[{"text":{"typeName":"String","expression":{"type":"Literal","value":"Parent started"}},"id":"1782430a380e5977","nodeId":"Workflow1:fb91b38763d72582:1782430a380e5977","name":"WriteLine2","type":"Elsa.WriteLine","version":1,"customProperties":{"canStartWorkflow":false,"runAsynchronously":false},"metadata":{"designer":{"position":{"x":-440,"y":-380},"size":{"width":148.484375,"height":81.90625}},"description":"Parent started","showDescription":true}},{"workflowDefinitionId":{"typeName":"String","expression":{"type":"Literal","value":"787d88475a179b36"}},"correlationId":null,"input":{"typeName":"ObjectDictionary","expression":{"type":"JavaScript","value":""}},"waitForCompletion":{"typeName":"Boolean","expression":{"type":"Literal","value":"True"}},"result":{"typeName":"Object","memoryReference":{"id":"f604f00f3bf75d22"}},"id":"97486b86d1343c32","nodeId":"Workflow1:fb91b38763d72582:97486b86d1343c32","name":"DispatchWorkflow1","type":"Elsa.DispatchWorkflow","version":1,"customProperties":{"canStartWorkflow":false,"runAsynchronously":false},"metadata":{"designer":{"position":{"x":-200,"y":-380},"size":{"width":167.421875,"height":81.90625}},"showDescription":true,"description":"Child Workflow"}},{"text":{"typeName":"String","expression":{"type":"Literal","value":"Parent completed"}},"id":"9895a521bc45fa5b","nodeId":"Workflow1:fb91b38763d72582:9895a521bc45fa5b","name":"WriteLine1","type":"Elsa.WriteLine","version":1,"customProperties":{"canStartWorkflow":false,"runAsynchronously":false},"metadata":{"designer":{"position":{"x":64.5,"y":-380},"size":{"width":167.953125,"height":81.90625}},"description":"Parent completed","showDescription":true}}],"connections":[{"source":{"activity":"1782430a380e5977","port":"Done"},"target":{"activity":"97486b86d1343c32","port":"In"}},{"source":{"activity":"97486b86d1343c32","port":"Done"},"target":{"activity":"9895a521bc45fa5b","port":"In"}}]}}