{"entities":{"pages":{"Introduction":{"id":"Introduction","title":"Introduction","url":"introduction.html","level":0,"pages":["Overview","Known-Limitations"],"tabIndex":0},"Overview":{"id":"Overview","title":"Overview","url":"overview.html","level":1,"parentId":"Introduction","tabIndex":0},"Known-Limitations":{"id":"Known-Limitations","title":"Known Limitations","url":"known-limitations.html","level":1,"parentId":"Introduction","tabIndex":1},"Getting-Started":{"id":"Getting-Started","title":"Getting Started","url":"getting-started.html","level":0,"pages":["Prerequisites","Packages","Docker"],"tabIndex":1},"Prerequisites":{"id":"Prerequisites","title":"Prerequisites","url":"prerequisites.html","level":1,"parentId":"Getting-Started","tabIndex":0},"Packages":{"id":"Packages","title":"Packages","url":"packages.html","level":1,"parentId":"Getting-Started","tabIndex":1},"Docker":{"id":"Docker","title":"Docker","url":"docker.html","level":1,"parentId":"Getting-Started","tabIndex":2},"Application-Types":{"id":"Application-Types","title":"Application Types","url":"application-types.html","level":0,"pages":["Elsa-Server","Elsa-Studio","Elsa-Server-Studio","Elsa-Web","Elsa-Console"],"tabIndex":2},"Elsa-Server":{"id":"Elsa-Server","title":"Elsa Server","url":"elsa-server.html","level":1,"parentId":"Application-Types","tabIndex":0},"Elsa-Studio":{"id":"Elsa-Studio","title":"Elsa Studio","url":"elsa-studio.html","level":1,"parentId":"Application-Types","tabIndex":1},"Elsa-Server-Studio":{"id":"Elsa-Server-Studio","title":"Elsa Server + Studio","url":"elsa-server-studio.html","level":1,"parentId":"Application-Types","tabIndex":2},"Elsa-Web":{"id":"Elsa-Web","title":"Elsa Web","url":"elsa-web.html","level":1,"parentId":"Application-Types","tabIndex":3},"Elsa-Console":{"id":"Elsa-Console","title":"Elsa Console","url":"elsa-console.html","level":1,"parentId":"Application-Types","tabIndex":4},"Rehosting-the-Designer":{"id":"Rehosting-the-Designer","title":"Rehosting the Designer","url":"rehosting-the-designer.html","level":0,"pages":["Reusing-in-Angular","Reusing-in-React","Reusing-in-Blazor"],"tabIndex":3},"Reusing-in-Angular":{"id":"Reusing-in-Angular","title":"Angular","url":"reusing-in-angular.html","level":1,"parentId":"Rehosting-the-Designer","tabIndex":0},"Reusing-in-React":{"id":"Reusing-in-React","title":"React","url":"reusing-in-react.html","level":1,"parentId":"Rehosting-the-Designer","tabIndex":1},"Reusing-in-Blazor":{"id":"Reusing-in-Blazor","title":"Blazor","url":"reusing-in-blazor.html","level":1,"parentId":"Rehosting-the-Designer","tabIndex":2},"Activities":{"id":"Activities","title":"Activities","url":"activities.html","level":0,"pages":["Library","Writing-Custom-Activities"],"tabIndex":4},"Library":{"id":"Library","title":"Library","url":"library.html","level":1,"parentId":"Activities","pages":["MassTransit"],"tabIndex":0},"MassTransit":{"id":"MassTransit","title":"MassTransit","url":"masstransit.html","level":2,"parentId":"Library","tabIndex":0},"Writing-Custom-Activities":{"id":"Writing-Custom-Activities","title":"Writing Custom Activities","url":"writing-custom-activities.html","level":1,"parentId":"Activities","tabIndex":1}}},"topLevelIds":["Introduction","Getting-Started","Application-Types","Rehosting-the-Designer","Activities"]}