{"title":"Activities","subtitle":"Elsa ships with many activities. In this section, we will explore many of them in detail and see how they can be used.","tips":[{"title":"Primitives","description":"An Elsa Server is an ASP.NET Core web application that lets you manage workflows using a REST API ad execute them. You can store your workflows in various places like databases, file systems, or even cloud storage. In this topic, we\u0027re going to learn how to set one up!","url":"elsa-server.html","type":"development"},{"title":"Looping","description":"In this topic, we will create a separate ASP.NET Blazor Webassembly ASP.NET Blazor Server app and turn it into an Elsa Studio that connects to the workflow server.","url":"elsa-studio.html","type":"settings"}],"main":{"title":"Commonly Used","data":[{"title":"Branching","description":"In this topic, we will create an ASP.NET Core application that acts as both an and an .","url":"elsa-server-studio.html"},{"title":"Scripting","description":"In this topic, we\u0027ll demonstrate how to integrate Elsa Workflows into an ASP.NET Core application. This setup is ideal for executing long-running workflows in the background, supporting various activities like Timer, Cron, Event, and others that necessitate a background service.","url":"elsa-web.html"},{"title":"Composition","description":"In this topic, we\u0027ll demonstrate how to integrate Elsa Workflows into an ASP.NET Core application. This setup is ideal for executing long-running workflows in the background, supporting various activities like Timer, Cron, Event, and others that necessitate a background service.","url":"elsa-web.html"},{"title":"Flow","description":"In this topic, we\u0027ll demonstrate how to integrate Elsa Workflows into an ASP.NET Core application. This setup is ideal for executing long-running workflows in the background, supporting various activities like Timer, Cron, Event, and others that necessitate a background service.","url":"elsa-web.html"},{"title":"Scheduling","description":"In this topic, we\u0027ll demonstrate how to integrate Elsa Workflows into an ASP.NET Core application. This setup is ideal for executing long-running workflows in the background, supporting various activities like Timer, Cron, Event, and others that necessitate a background service.","url":"elsa-web.html"}]},"highlighted":{"title":"Communications","data":[{"title":"HTTP","description":"In this topic, we\u0027ll demonstrate how to integrate Elsa Workflows into an ASP.NET Core application. This setup is ideal for executing long-running workflows in the background, supporting various activities like Timer, Cron, Event, and others that necessitate a background service.","url":"elsa-web.html"},{"title":"Email","description":"In this topic, we\u0027ll demonstrate how to integrate Elsa Workflows into an ASP.NET Core application. This setup is ideal for executing long-running workflows in the background, supporting various activities like Timer, Cron, Event, and others that necessitate a background service.","url":"elsa-web.html"},{"title":"MassTransit","description":"In this topic, we\u0027ll demonstrate how to integrate Elsa Workflows into an ASP.NET Core application. This setup is ideal for executing long-running workflows in the background, supporting various activities like Timer, Cron, Event, and others that necessitate a background service.","url":"elsa-web.html"},{"title":"Console","description":"In this topic, we\u0027ll demonstrate how to integrate Elsa Workflows into an ASP.NET Core application. This setup is ideal for executing long-running workflows in the background, supporting various activities like Timer, Cron, Event, and others that necessitate a background service.","url":"elsa-web.html"}]},"groups":[{"title":"Miscellaneous","type":"cards","display":"wide","data":[{"title":"Storage","description":"Tutorials are learning-oriented articles that help users to go through a process and achieve a deliverable. Start with an introduction: for whom is this tutorial and what the reader will achieve by reading it. Answer the question: \"Why should I follow this?\"","url":"reusing-in-blazor.html"}]}],"prevNextLinks":{"prevPageTitle":"Blazor","nextPageUrl":"library.html","nextPageTitle":"Library","prevPageUrl":"reusing-in-blazor.html"}}