{"title":"Activities","subtitle":"Elsa ships with many activities. In this section, we will explore many of them in detail and see how they can be used.","tips":[{"title":"Primitives","description":"An Elsa Server is an ASP.NET Core web application that lets you manage workflows using a REST API ad execute them. You can store your workflows in various places like databases, file systems, or even cloud storage. In this topic, we\u0027re going to learn how to set one up!","url":"elsa-server.html","type":"development"},{"title":"Looping","description":"In this topic, we will create a separate ASP.NET Blazor Webassembly ASP.NET Blazor Server app and turn it into an Elsa Studio that connects to the workflow server.","url":"elsa-studio.html","type":"settings"}],"main":{"title":"Commonly Used","data":[{"title":"Branching","description":"In this topic, we will create an ASP.NET Core application that acts as both an and an .","url":"elsa-server-studio.html"},{"title":"Scripting","description":"A How-to article is an action-oriented type of document. It explains how to perform a specific task or solve a problem, and usually contains a sequence of steps. Start with a short introductory paragraph that explains what users will accomplish by following this procedure, what they…","url":"elsa-web.html"},{"title":"Composition","description":"A How-to article is an action-oriented type of document. It explains how to perform a specific task or solve a problem, and usually contains a sequence of steps. Start with a short introductory paragraph that explains what users will accomplish by following this procedure, what they…","url":"elsa-web.html"},{"title":"Flow","description":"A How-to article is an action-oriented type of document. It explains how to perform a specific task or solve a problem, and usually contains a sequence of steps. Start with a short introductory paragraph that explains what users will accomplish by following this procedure, what they…","url":"elsa-web.html"},{"title":"Scheduling","description":"A How-to article is an action-oriented type of document. It explains how to perform a specific task or solve a problem, and usually contains a sequence of steps. Start with a short introductory paragraph that explains what users will accomplish by following this procedure, what they…","url":"elsa-web.html"}]},"highlighted":{"title":"Communications","data":[{"title":"HTTP","description":"A How-to article is an action-oriented type of document. It explains how to perform a specific task or solve a problem, and usually contains a sequence of steps. Start with a short introductory paragraph that explains what users will accomplish by following this procedure, what they…","url":"elsa-web.html"},{"title":"Email","description":"A How-to article is an action-oriented type of document. It explains how to perform a specific task or solve a problem, and usually contains a sequence of steps. Start with a short introductory paragraph that explains what users will accomplish by following this procedure, what they…","url":"elsa-web.html"},{"title":"MassTransit","description":"MassTransit is an open-source distributed application framework for .NET that provides a consistent abstraction on top of the supported message transports.","url":"masstransit.html"},{"title":"Console","description":"A How-to article is an action-oriented type of document. It explains how to perform a specific task or solve a problem, and usually contains a sequence of steps. Start with a short introductory paragraph that explains what users will accomplish by following this procedure, what they…","url":"elsa-web.html"}]},"groups":[{"title":"Miscellaneous","type":"cards","display":"wide","data":[{"title":"Storage","description":"Tutorials are learning-oriented articles that help users to go through a process and achieve a deliverable. Start with an introduction: for whom is this tutorial and what the reader will achieve by reading it. Answer the question: \"Why should I follow this?\"","url":"reusing-in-blazor.html"}]}],"prevNextLinks":{"prevPageTitle":"Activities","nextPageUrl":"masstransit.html","nextPageTitle":"MassTransit","prevPageUrl":"activities.html"}}