{"title":"Getting Started","subtitle":"Whether you\u0027re new to workflows or an experienced developer, we\u0027ve got the resources to help you integrate Elsa seamlessly into your project.","tips":[{"title":"Docker","description":"Give Elsa a quick spin using prebuilt Docker images","url":"docker.html","type":"start"},{"title":"Known Issues and Limitations","description":"Learn about known issues and limitations of Elsa","url":"known-limitations.html","type":"development"}],"main":{"title":"Setup","data":[{"title":"Prerequisites","description":"Learn about the prerequisites to using Elsa","url":"prerequisites.html"},{"title":"Packages","description":"Learn about which packages to install and what feeds are available","url":"packages.html"},{"title":"Application Types","description":"Learn about the most common application types that can be integrated with Elsa","url":"application-types.html"}]},"highlighted":{"title":"Explore advanced features","data":[{"title":"Getting Started","description":"Getting Started Whether you\u0027re new to workflows or an experienced developer, we\u0027ve got the resources to help you integrate Elsa seamlessly into your project. Docker Known Issues and Limitations Setup Explore advanced features Custom card title Custom card title Other relevant topics…","url":""},{"title":"Getting Started","description":"With a custom card summary","url":""},{"title":"Custom card title","description":"Getting Started Whether you\u0027re new to workflows or an experienced developer, we\u0027ve got the resources to help you integrate Elsa seamlessly into your project. Docker Known Issues and Limitations Setup Explore advanced features Custom card title Custom card title Other relevant topics…","url":""},{"title":"Custom card title","description":"With a custom card summary","url":""}]},"groups":[{"title":"Other relevant topics as wide cards","type":"cards","display":"wide","data":[{"title":"Getting Started","description":"Getting Started Whether you\u0027re new to workflows or an experienced developer, we\u0027ve got the resources to help you integrate Elsa seamlessly into your project. Docker Known Issues and Limitations Setup Explore advanced features Custom card title Custom card title Other relevant topics…","url":""},{"title":"Getting Started","description":"With a custom card summary","url":""},{"title":"Custom card title","description":"Getting Started Whether you\u0027re new to workflows or an experienced developer, we\u0027ve got the resources to help you integrate Elsa seamlessly into your project. Docker Known Issues and Limitations Setup Explore advanced features Custom card title Custom card title Other relevant topics…","url":""},{"title":"Custom card title","description":"With a custom card summary","url":""}]},{"title":"Other relevant topics as narrow cards","type":"cards","display":"normal","data":[{"title":"Getting Started","description":"Getting Started Whether you\u0027re new to workflows or an experienced developer, we\u0027ve got the resources to help you integrate Elsa seamlessly into your project. Docker Known Issues and Limitations Setup Explore advanced features Custom card title Custom card title Other relevant topics…","url":""},{"title":"Getting Started","description":"Getting Started Whether you\u0027re new to workflows or an experienced developer, we\u0027ve got the resources to help you integrate Elsa seamlessly into your project. Docker Known Issues and Limitations Setup Explore advanced features Custom card title Custom card title Other relevant topics…","url":""},{"title":"Getting Started","description":"With a custom card summary","url":""},{"title":"Custom card title","description":"Getting Started Whether you\u0027re new to workflows or an experienced developer, we\u0027ve got the resources to help you integrate Elsa seamlessly into your project. Docker Known Issues and Limitations Setup Explore advanced features Custom card title Custom card title Other relevant topics…","url":""},{"title":"Custom card title","description":"Getting Started Whether you\u0027re new to workflows or an experienced developer, we\u0027ve got the resources to help you integrate Elsa seamlessly into your project. Docker Known Issues and Limitations Setup Explore advanced features Custom card title Custom card title Other relevant topics…","url":""},{"title":"Custom card title","description":"With a custom card summary","url":""}]},{"type":"links","display":"wide","data":[{"title":"Other related topics as links","data":[{"title":"Getting Started","description":"Getting Started Whether you\u0027re new to workflows or an experienced developer, we\u0027ve got the resources to help you integrate Elsa seamlessly into your project. Docker Known Issues and Limitations Setup Explore advanced features Custom card title Custom card title Other relevant topics…","url":""},{"title":"Getting Started","description":"With a custom card summary","url":""},{"title":"Custom card title","description":"Getting Started Whether you\u0027re new to workflows or an experienced developer, we\u0027ve got the resources to help you integrate Elsa seamlessly into your project. Docker Known Issues and Limitations Setup Explore advanced features Custom card title Custom card title Other relevant topics…","url":""},{"title":"Custom card title","description":"With a custom card summary","url":""}]},{"title":"Two in a row","data":[{"title":"Getting Started","description":"Getting Started Whether you\u0027re new to workflows or an experienced developer, we\u0027ve got the resources to help you integrate Elsa seamlessly into your project. Docker Known Issues and Limitations Setup Explore advanced features Custom card title Custom card title Other relevant topics…","url":""},{"title":"Getting Started","description":"With a custom card summary","url":""},{"title":"Custom card title","description":"Getting Started Whether you\u0027re new to workflows or an experienced developer, we\u0027ve got the resources to help you integrate Elsa seamlessly into your project. Docker Known Issues and Limitations Setup Explore advanced features Custom card title Custom card title Other relevant topics…","url":""},{"title":"Custom card title","description":"With a custom card summary","url":""}]}]},{"type":"links","display":"normal","data":[{"title":"More related topics","data":[{"title":"Getting Started","description":"Getting Started Whether you\u0027re new to workflows or an experienced developer, we\u0027ve got the resources to help you integrate Elsa seamlessly into your project. Docker Known Issues and Limitations Setup Explore advanced features Custom card title Custom card title Other relevant topics…","url":""},{"title":"Getting Started","description":"With a custom card summary","url":""},{"title":"Custom card title","description":"Getting Started Whether you\u0027re new to workflows or an experienced developer, we\u0027ve got the resources to help you integrate Elsa seamlessly into your project. Docker Known Issues and Limitations Setup Explore advanced features Custom card title Custom card title Other relevant topics…","url":""},{"title":"Custom card title","description":"With a custom card summary","url":""}]},{"title":"Three in a row","data":[{"title":"Getting Started","description":"Getting Started Whether you\u0027re new to workflows or an experienced developer, we\u0027ve got the resources to help you integrate Elsa seamlessly into your project. Docker Known Issues and Limitations Setup Explore advanced features Custom card title Custom card title Other relevant topics…","url":""},{"title":"Getting Started","description":"Getting Started Whether you\u0027re new to workflows or an experienced developer, we\u0027ve got the resources to help you integrate Elsa seamlessly into your project. Docker Known Issues and Limitations Setup Explore advanced features Custom card title Custom card title Other relevant topics…","url":""},{"title":"Custom card title","description":"Getting Started Whether you\u0027re new to workflows or an experienced developer, we\u0027ve got the resources to help you integrate Elsa seamlessly into your project. Docker Known Issues and Limitations Setup Explore advanced features Custom card title Custom card title Other relevant topics…","url":""},{"title":"Custom card title","description":"Getting Started Whether you\u0027re new to workflows or an experienced developer, we\u0027ve got the resources to help you integrate Elsa seamlessly into your project. Docker Known Issues and Limitations Setup Explore advanced features Custom card title Custom card title Other relevant topics…","url":""}]},{"title":"Each group is narrow","data":[{"title":"Getting Started","description":"Getting Started Whether you\u0027re new to workflows or an experienced developer, we\u0027ve got the resources to help you integrate Elsa seamlessly into your project. Docker Known Issues and Limitations Setup Explore advanced features Custom card title Custom card title Other relevant topics…","url":""},{"title":"Getting Started","description":"Getting Started Whether you\u0027re new to workflows or an experienced developer, we\u0027ve got the resources to help you integrate Elsa seamlessly into your project. Docker Known Issues and Limitations Setup Explore advanced features Custom card title Custom card title Other relevant topics…","url":""},{"title":"Custom card title","description":"Getting Started Whether you\u0027re new to workflows or an experienced developer, we\u0027ve got the resources to help you integrate Elsa seamlessly into your project. Docker Known Issues and Limitations Setup Explore advanced features Custom card title Custom card title Other relevant topics…","url":""},{"title":"Custom card title","description":"Getting Started Whether you\u0027re new to workflows or an experienced developer, we\u0027ve got the resources to help you integrate Elsa seamlessly into your project. Docker Known Issues and Limitations Setup Explore advanced features Custom card title Custom card title Other relevant topics…","url":""}]}]}],"prevNextLinks":{"prevPageTitle":"Known Limitations","nextPageUrl":"prerequisites.html","nextPageTitle":"Prerequisites","prevPageUrl":"known-limitations.html"}}