{"title":"Application Types","subtitle":"There are several types of applications that we can infuse with Elsa capabilities. In the next topics, we will explore the most common ones.","tips":[{"title":"Elsa Server","description":"An Elsa Server is an ASP.NET Core web application that lets you manage workflows using a REST API ad execute them. You can store your workflows in various places like databases, file systems, or even cloud storage. In this topic, we\u0027re going to learn how to set one up!","url":"elsa-server.html","type":"container"},{"title":"Elsa Studio","description":"In this topic, we will create a separate ASP.NET Blazor Webassembly ASP.NET Blazor Server app and turn it into an Elsa Studio that connects to the workflow server.","url":"elsa-studio.html","type":"computer"}],"main":{"title":"ASP.NET Core","data":[{"title":"Elsa Studio + Server","description":"In this topic, we will create an ASP.NET Core application that acts as both an and an .","url":"elsa-server-studio.html"},{"title":"Elsa Web","description":"In this topic, we\u0027ll demonstrate how to integrate Elsa Workflows into an ASP.NET Core application. This setup is ideal for executing long-running workflows in the background, supporting various activities like Timer, Cron, Event, and others that necessitate a background service.","url":"elsa-web.html"}]},"highlighted":{"title":".NET","data":[{"title":"Elsa Console","description":"Tutorials are learning-oriented articles that help users to go through a process and achieve a deliverable. Start with an introduction: for whom is this tutorial and what the reader will achieve by reading it. Answer the question: \"Why should I follow this?\"","url":"elsa-console.html"}]},"groups":[{"title":"Embedding Elsa Studio","type":"cards","display":"wide","data":[{"title":"Blazor","description":"Tutorials are learning-oriented articles that help users to go through a process and achieve a deliverable. Start with an introduction: for whom is this tutorial and what the reader will achieve by reading it. Answer the question: \"Why should I follow this?\"","url":"reusing-in-blazor.html"},{"title":"React","description":"Tutorials are learning-oriented articles that help users to go through a process and achieve a deliverable. Start with an introduction: for whom is this tutorial and what the reader will achieve by reading it. Answer the question: \"Why should I follow this?\"","url":"reusing-in-react.html"},{"title":"Angular","description":"Tutorials are learning-oriented articles that help users to go through a process and achieve a deliverable. Start with an introduction: for whom is this tutorial and what the reader will achieve by reading it. Answer the question: \"Why should I follow this?\"","url":"reusing-in-angular.html"}]}],"prevNextLinks":{"prevPageTitle":"Docker","nextPageUrl":"elsa-server.html","nextPageTitle":"Elsa Server","prevPageUrl":"docker.html"}}